AGE_BAND,GENDER,drug_starpu,V1,pop,rate,base,star_pu
0-1,Female,Penicillins,285654,608726,0.469265318057714,0.286856382812433,1.63588940729463
2-5,Female,Penicillins,599732,1298119,0.462000787292999,0.286856382812433,1.61056478075681
16-20,Female,Penicillins,335391,1685785,0.198952416826582,0.286856382812433,0.693561059635445
36-40,Female,Penicillins,519965,2068502,0.251372732537846,0.286856382812433,0.876301688229163
61-65,Female,Penicillins,504665,1759295,0.286856382812433,0.286856382812433,1
0-1,Male,Penicillins,354405,638068,0.555434530488913,0.286856382812433,1.9362808839854
2-5,Male,Penicillins,645353,1359751,0.474611160425696,0.286856382812433,1.65452536134094
11-15,Male,Penicillins,299851,1869008,0.160433235170743,0.286856382812433,0.559280688119272
21-25,Male,Penicillins,175043,1863510,0.093931881234874,0.286856382812433,0.327452644818063
56-60,Male,Penicillins,351589,1973571,0.17814864527296,0.286856382812433,0.62103775947508
6-10,Female,Penicillins,463233,1744308,0.265568351460866,0.286856382812433,0.925788538700612
11-15,Female,Penicillins,313281,1778796,0.176119689947583,0.286856382812433,0.613964689301482
21-25,Female,Penicillins,354986,1828351,0.19415637369411,0.286856382812433,0.676841741468459
26-30,Female,Penicillins,463236,2016286,0.229747168804426,0.286856382812433,0.800913567102498
31-35,Female,Penicillins,562039,2165311,0.259565023222992,0.286856382812433,0.904860546166454
41-45,Female,Penicillins,438553,1931799,0.227017924742688,0.286856382812433,0.791399244865777
46-50,Female,Penicillins,394241,1904655,0.206988142209482,0.286856382812433,0.72157412075026
51-55,Female,Penicillins,469855,2089624,0.224851456529979,0.286856382812433,0.783846795826754
56-60,Female,Penicillins,512986,2050350,0.25019435706099,0.286856382812433,0.872193794706615
66-70,Female,Penicillins,456041,1507177,0.302579590850975,0.286856382812433,1.05481212544196
71-75,Female,Penicillins,477835,1530177,0.312274331662285,0.286856382812433,1.08860862219849
76-80,Female,Penicillins,475540,1153142,0.412386332299058,0.286856382812433,1.4376055650423
81-85,Female,Penicillins,363461,801469,0.453493522519274,0.286856382812433,1.58090790266919
86+,Female,Penicillins,464408,797992,0.581970746573901,0.286856382812433,2.02878785846795
6-10,Male,Penicillins,441752,1827831,0.241680986918375,0.286856382812433,0.842515632906111
16-20,Male,Penicillins,219524,1784557,0.123013162370269,0.286856382812433,0.428831881529732
26-30,Male,Penicillins,198737,1947065,0.102070038750632,0.286856382812433,0.355822791007488
31-35,Male,Penicillins,246511,2025452,0.12170666103171,0.286856382812433,0.424277332923391
36-40,Male,Penicillins,260966,1944802,0.134186410750297,0.286856382812433,0.467782551793654
41-45,Male,Penicillins,254487,1847890,0.137717613061384,0.286856382812433,0.480092552625656
46-50,Male,Penicillins,248896,1848950,0.134614781362395,0.286856382812433,0.469275879597267
51-55,Male,Penicillins,303061,2018546,0.150138267842298,0.286856382812433,0.52339176270123
61-65,Male,Penicillins,376896,1696457,0.222166550640541,0.286856382812433,0.774487039341247
66-70,Male,Penicillins,373380,1412440,0.264351052080088,0.286856382812433,0.921544953918419
71-75,Male,Penicillins,397134,1383264,0.287099208827816,0.286856382812433,1.00084650727657
76-80,Male,Penicillins,385913,990701,0.389535288649148,0.286856382812433,1.35794534125411
81-85,Male,Penicillins,274735,618650,0.444087933403378,0.286856382812433,1.54811940752162
86+,Male,Penicillins,274744,467661,0.587485379366678,0.286856382812433,2.04801222690874
0-1,Female,Cephalosportins and other beta-lactams,3898,608726,0.00640353788075423,0.0241159100662481,0.265531670302437
2-5,Female,Cephalosportins and other beta-lactams,16704,1298119,0.0128678495577062,0.0241159100662481,0.533583411215139
6-10,Female,Cephalosportins and other beta-lactams,18928,1744308,0.0108512946108141,0.0241159100662481,0.449964134921919
11-15,Female,Cephalosportins and other beta-lactams,8631,1778796,0.00485215842626136,0.0241159100662481,0.201201547564746
16-20,Female,Cephalosportins and other beta-lactams,12229,1685785,0.00725418721841753,0.0241159100662481,0.300805036944066
21-25,Female,Cephalosportins and other beta-lactams,19259,1828351,0.0105335354097764,0.0241159100662481,0.436787804434499
26-30,Female,Cephalosportins and other beta-lactams,27152,2016286,0.0134663435643555,0.0241159100662481,0.558400803758284
31-35,Female,Cephalosportins and other beta-lactams,30903,2165311,0.0142718528654775,0.0241159100662481,0.591802375538461
36-40,Female,Cephalosportins and other beta-lactams,26764,2068502,0.0129388320630098,0.0241159100662481,0.536526800252031
41-45,Female,Cephalosportins and other beta-lactams,23448,1931799,0.0121379087575881,0.0241159100662481,0.503315393209065
46-50,Female,Cephalosportins and other beta-lactams,23684,1904655,0.0124347979030323,0.0241159100662481,0.515626317600001
51-55,Female,Cephalosportins and other beta-lactams,32735,2089624,0.0156654977163356,0.0241159100662481,0.64959181193251
56-60,Female,Cephalosportins and other beta-lactams,38981,2050350,0.0190118760211671,0.0241159100662481,0.788354076994819
61-65,Female,Cephalosportins and other beta-lactams,42427,1759295,0.0241159100662481,0.0241159100662481,1
66-70,Female,Cephalosportins and other beta-lactams,44937,1507177,0.029815343519706,0.0241159100662481,1.23633499369508
71-75,Female,Cephalosportins and other beta-lactams,57870,1530177,0.0378191542547039,0.0241159100662481,1.56822422006103
76-80,Female,Cephalosportins and other beta-lactams,72004,1153142,0.0624415726770857,0.0241159100662481,2.5892272987233
81-85,Female,Cephalosportins and other beta-lactams,65050,801469,0.0811634635899829,0.0241159100662481,3.36555673690195
86+,Female,Cephalosportins and other beta-lactams,89596,797992,0.112276814805161,0.0241159100662481,4.65571543834458
0-1,Male,Cephalosportins and other beta-lactams,5085,638068,0.00796937003579556,0.0241159100662481,0.33046109451823
2-5,Male,Cephalosportins and other beta-lactams,8329,1359751,0.00612538619203075,0.0241159100662481,0.253997720807711
6-10,Male,Cephalosportins and other beta-lactams,5329,1827831,0.00291547741558164,0.0241159100662481,0.12089435594894
11-15,Male,Cephalosportins and other beta-lactams,2900,1869008,0.00155162524718995,0.0241159100662481,0.0643403148762592
16-20,Male,Cephalosportins and other beta-lactams,1816,1784557,0.00101761949884481,0.0241159100662481,0.0421970183189993
21-25,Male,Cephalosportins and other beta-lactams,1689,1863510,0.000906354138158636,0.0241159100662481,0.0375832442428595
26-30,Male,Cephalosportins and other beta-lactams,2271,1947065,0.00116637092238831,0.0241159100662481,0.0483652045137094
31-35,Male,Cephalosportins and other beta-lactams,3088,2025452,0.00152459796628111,0.0241159100662481,0.0632195908051128
36-40,Male,Cephalosportins and other beta-lactams,3668,1944802,0.00188605318176349,0.0241159100662481,0.0782078377545101
41-45,Male,Cephalosportins and other beta-lactams,4176,1847890,0.00225987477609598,0.0241159100662481,0.093708873929615
46-50,Male,Cephalosportins and other beta-lactams,5290,1848950,0.00286108331755861,0.0241159100662481,0.118638828462165
51-55,Male,Cephalosportins and other beta-lactams,7922,2018546,0.003924607118193,0.0241159100662481,0.16273933297196
56-60,Male,Cephalosportins and other beta-lactams,10349,1973571,0.00524379411736391,0.0241159100662481,0.217441270221975
61-65,Male,Cephalosportins and other beta-lactams,13152,1696457,0.00775262797701327,0.0241159100662481,0.321473581370815
66-70,Male,Cephalosportins and other beta-lactams,15018,1412440,0.0106326640423664,0.0241159100662481,0.440898312075212
71-75,Male,Cephalosportins and other beta-lactams,20239,1383264,0.0146313357392371,0.0241159100662481,0.606708836574847
76-80,Male,Cephalosportins and other beta-lactams,24063,990701,0.024288862128937,0.0241159100662481,1.00717169960469
81-85,Male,Cephalosportins and other beta-lactams,20641,618650,0.0333645841752202,0.0241159100662481,1.38350923036142
86+,Male,Cephalosportins and other beta-lactams,26122,467661,0.0558566996178856,0.0241159100662481,2.31617631117562
36-40,Female,Tetracyclines,162253,2068502,0.0784398564758458,0.154912621248853,0.506349036272775
46-50,Female,Tetracyclines,183267,1904655,0.0962205753797932,0.154912621248853,0.6211280566044
51-55,Female,Tetracyclines,236807,2089624,0.113325172375509,0.154912621248853,0.731542539671203
56-60,Female,Tetracyclines,268577,2050350,0.13099080644768,0.154912621248853,0.845578658418382
61-65,Female,Tetracyclines,272537,1759295,0.154912621248853,0.154912621248853,1
66-70,Female,Tetracyclines,244640,1507177,0.162316702019736,0.154912621248853,1.04779520681527
71-75,Female,Tetracyclines,244545,1530177,0.15981484494931,0.154912621248853,1.03164508908917
76-80,Female,Tetracyclines,226037,1153142,0.196018356802545,0.154912621248853,1.26534787948401
81-85,Female,Tetracyclines,158337,801469,0.197558483235159,0.154912621248853,1.27528978363745
86+,Female,Tetracyclines,169331,797992,0.212196362870806,0.154912621248853,1.36978098466188
46-50,Male,Tetracyclines,101020,1848950,0.0546364152627167,0.154912621248853,0.352691826025902
51-55,Male,Tetracyclines,134851,2018546,0.0668060078888467,0.154912621248853,0.431249612525303
56-60,Male,Tetracyclines,170208,1973571,0.0862436669367355,0.154912621248853,0.556724598947901
61-65,Male,Tetracyclines,192442,1696457,0.113437593761587,0.154912621248853,0.732268248042617
66-70,Male,Tetracyclines,197362,1412440,0.139731245221036,0.154912621248853,0.902000392831588
71-75,Male,Tetracyclines,213048,1383264,0.154018321882157,0.154912621248853,0.994227072271542
76-80,Male,Tetracyclines,199171,990701,0.201040475380564,0.154912621248853,1.29776692021505
81-85,Male,Tetracyclines,128238,618650,0.207286834235836,0.154912621248853,1.33808874037997
86+,Male,Tetracyclines,107670,467661,0.230230872362673,0.154912621248853,1.48619828718042
6-10,Female,Tetracyclines,214,1744308,0.000122684755215249,0.154912621248853,0.000791961005024679
11-15,Female,Tetracyclines,65254,1778796,0.0366843640305015,0.154912621248853,0.236806812348566
16-20,Female,Tetracyclines,132860,1685785,0.0788119481428533,0.154912621248853,0.508750981730852
21-25,Female,Tetracyclines,113312,1828351,0.0619749708890689,0.154912621248853,0.400064051524323
26-30,Female,Tetracyclines,125891,2016286,0.0624370748990967,0.154912621248853,0.403047049334976
31-35,Female,Tetracyclines,148534,2165311,0.0685970745080037,0.154912621248853,0.442811398806615
41-45,Female,Tetracyclines,172535,1931799,0.0893131221208832,0.154912621248853,0.576538705502956
6-10,Male,Tetracyclines,210,1827831,0.000114890271584189,0.154912621248853,0.000741645649385977
11-15,Male,Tetracyclines,53372,1869008,0.0285563250665594,0.154912621248853,0.184338272997694
16-20,Male,Tetracyclines,128442,1784557,0.0719741650168641,0.154912621248853,0.464611368890624
21-25,Male,Tetracyclines,64702,1863510,0.0347205005607697,0.154912621248853,0.22412957886107
26-30,Male,Tetracyclines,63503,1947065,0.0326147303762329,0.154912621248853,0.210536301776473
31-35,Male,Tetracyclines,75804,2025452,0.03742572028367,0.154912621248853,0.24159245374558
36-40,Male,Tetracyclines,83446,1944802,0.0429071956939575,0.154912621248853,0.276976758562694
41-45,Male,Tetracyclines,91336,1847890,0.049427184518559,0.154912621248853,0.319064929120003
2-5,Male,Tetracyclines,9,1359751,6.6188588940181e-06,0.154912621248853,4.27264017654541e-05
0-1,Female,Aminoglycosides,2,608726,3.28555047755476e-06,5.79777695042617e-05,0.0566691424255853
2-5,Female,Aminoglycosides,6,1298119,4.62207239860136e-06,5.79777695042617e-05,0.079721459416641
6-10,Female,Aminoglycosides,14,1744308,8.02610548137141e-06,5.79777695042617e-05,0.138434188655385
11-15,Female,Aminoglycosides,11,1778796,6.18395813797647e-06,5.79777695042617e-05,0.106660849336778
21-25,Female,Aminoglycosides,23,1828351,1.25796414364638e-05,5.79777695042617e-05,0.216973532166309
26-30,Female,Aminoglycosides,57,2016286,2.8269799026527e-05,5.79777695042617e-05,0.487597216454645
31-35,Female,Aminoglycosides,11,2165311,5.08010165745244e-06,5.79777695042617e-05,0.0876215435828215
36-40,Female,Aminoglycosides,30,2068502,1.4503249211265e-05,5.79777695042617e-05,0.25015190020718
41-45,Female,Aminoglycosides,35,1931799,1.81178269581877e-05,5.79777695042617e-05,0.312496101749067
46-50,Female,Aminoglycosides,46,1904655,2.41513554948271e-05,5.79777695042617e-05,0.416562342796784
51-55,Female,Aminoglycosides,75,2089624,3.58916245219236e-05,5.79777695042617e-05,0.619058387875466
56-60,Female,Aminoglycosides,97,2050350,4.73089960250689e-05,5.79777695042617e-05,0.815985099626702
61-65,Female,Aminoglycosides,102,1759295,5.79777695042617e-05,5.79777695042617e-05,1
66-70,Female,Aminoglycosides,131,1507177,8.69174622489595e-05,5.79777695042617e-05,1.49915153673807
71-75,Female,Aminoglycosides,298,1530177,0.0001947487120771,5.79777695042617e-05,3.35902387660471
76-80,Female,Aminoglycosides,127,1153142,0.000110133877701098,5.79777695042617e-05,1.89958804284465
81-85,Female,Aminoglycosides,126,801469,0.000157211320712342,5.79777695042617e-05,2.71157931835902
86+,Female,Aminoglycosides,81,797992,0.000101504776990246,5.79777695042617e-05,1.75075339838288
6-10,Male,Aminoglycosides,12,1827831,6.56515837623938e-06,5.79777695042617e-05,0.113235787309079
16-20,Male,Aminoglycosides,22,1784557,1.23279895234504e-05,5.79777695042617e-05,0.212633042437829
21-25,Male,Aminoglycosides,37,1863510,1.98550048027647e-05,5.79777695042617e-05,0.342458928181175
26-30,Male,Aminoglycosides,39,1947065,2.00301479406183e-05,5.79777695042617e-05,0.345479795305785
31-35,Male,Aminoglycosides,30,2025452,1.48115087397776e-05,5.79777695042617e-05,0.255468757532814
36-40,Male,Aminoglycosides,84,1944802,4.31920575976372e-05,5.79777695042617e-05,0.744976185992501
41-45,Male,Aminoglycosides,22,1847890,1.1905470563724e-05,5.79777695042617e-05,0.205345439562812
46-50,Male,Aminoglycosides,49,1848950,2.65015278942102e-05,5.79777695042617e-05,0.457098093300437
51-55,Male,Aminoglycosides,74,2018546,3.66600513438881e-05,5.79777695042617e-05,0.632312206167114
56-60,Male,Aminoglycosides,104,1973571,5.26963559963133e-05,5.79777695042617e-05,0.90890623159347
61-65,Male,Aminoglycosides,107,1696457,6.30726272460782e-05,5.79777695042617e-05,1.08787605638127
66-70,Male,Aminoglycosides,105,1412440,7.43394409674039e-05,5.79777695042617e-05,1.28220594898773
71-75,Male,Aminoglycosides,187,1383264,0.000135187498554144,5.79777695042617e-05,2.33171264969425
76-80,Male,Aminoglycosides,236,990701,0.000238215162798867,5.79777695042617e-05,4.10873279251208
81-85,Male,Aminoglycosides,131,618650,0.000211751394164714,5.79777695042617e-05,3.65228597055892
86+,Male,Aminoglycosides,157,467661,0.000335713262384505,5.79777695042617e-05,5.79037905830145
11-15,Male,Aminoglycosides,16,1869008,8.56069101897905e-06,5.79777695042617e-05,0.147654714767007
0-1,Female,Macrolides,30531,608726,0.0501555708151122,0.0824676930247628,0.608184477769396
2-5,Female,Macrolides,77835,1298119,0.0599598341908562,0.0824676930247628,0.72707058960473
6-10,Female,Macrolides,65766,1744308,0.0377032037919909,0.0824676930247628,0.457187565325365
11-15,Female,Macrolides,54679,1778796,0.030739331547856,0.0824676930247628,0.372743924564809
16-20,Female,Macrolides,60858,1685785,0.0361006889965209,0.0824676930247628,0.437755533984452
21-25,Female,Macrolides,62704,1828351,0.0342953842013924,0.0824676930247628,0.415864479088732
26-30,Female,Macrolides,81983,2016286,0.0406604023437151,0.0824676930247628,0.493046438579359
31-35,Female,Macrolides,102435,2165311,0.0473072921164673,0.0824676930247628,0.573646362367167
36-40,Female,Macrolides,101018,2068502,0.0488363076274521,0.0824676930247628,0.592187144277068
41-45,Female,Macrolides,95840,1931799,0.0496117867335059,0.0824676930247628,0.601590573397135
46-50,Female,Macrolides,94163,1904655,0.0494383497273785,0.0824676930247628,0.599487483086661
51-55,Female,Macrolides,120338,2089624,0.0575883508229232,0.0824676930247628,0.698314075617842
56-60,Female,Macrolides,137822,2050350,0.0672187675274953,0.0824676930247628,0.815092129560498
61-65,Female,Macrolides,145085,1759295,0.0824676930247628,0.0824676930247628,1
66-70,Female,Macrolides,138637,1507177,0.0919845512504503,0.0824676930247628,1.11540104829694
71-75,Female,Macrolides,149074,1530177,0.097422716456985,0.0824676930247628,1.18134402556564
76-80,Female,Macrolides,139689,1153142,0.121137726316447,0.0824676930247628,1.46891130178787
81-85,Female,Macrolides,98426,801469,0.12280699565423,0.0824676930247628,1.48915279608167
86+,Female,Macrolides,95746,797992,0.11998365898405,0.0824676930247628,1.45491712673498
0-1,Male,Macrolides,40311,638068,0.0631766520182802,0.0824676930247628,0.766077595978221
2-5,Male,Macrolides,90828,1359751,0.0667975239584306,0.0824676930247628,0.809984146620583
6-10,Male,Macrolides,67516,1827831,0.0369377694108482,0.0824676930247628,0.447905938144247
11-15,Male,Macrolides,51226,1869008,0.0274081223836388,0.0824676930247628,0.332349813343377
16-20,Male,Macrolides,42030,1784557,0.0235520636213918,0.0824676930247628,0.285591396552341
21-25,Male,Macrolides,30926,1863510,0.0165955642846027,0.0824676930247628,0.201237159376091
26-30,Male,Macrolides,34202,1947065,0.0175659261503853,0.0824676930247628,0.213003729170777
31-35,Male,Macrolides,41949,2025452,0.020710932670831,0.0824676930247628,0.251139954462071
36-40,Male,Macrolides,45440,1944802,0.0233648463956742,0.0824676930247628,0.283321207841456
41-45,Male,Macrolides,45866,1847890,0.024820741494353,0.0824676930247628,0.300975334509479
46-50,Male,Macrolides,47545,1848950,0.0257145947700046,0.0824676930247628,0.311814164151327
51-55,Male,Macrolides,59980,2018546,0.0297144578325191,0.0824676930247628,0.360316346227809
56-60,Male,Macrolides,72364,1973571,0.0366665298588194,0.0824676930247628,0.444616898011315
61-65,Male,Macrolides,83905,1696457,0.0494589606456279,0.0824676930247628,0.599737410270186
66-70,Male,Macrolides,88928,1412440,0.06296055053666,0.0824676930247628,0.763457157917036
71-75,Male,Macrolides,102490,1383264,0.0740928701968677,0.0824676930247628,0.898447227990477
76-80,Male,Macrolides,96697,990701,0.0976046254117034,0.0824676930247628,1.18354984639131
81-85,Male,Macrolides,61488,618650,0.0993906085832054,0.0824676930247628,1.20520660803936
86+,Male,Macrolides,48304,467661,0.103288493160644,0.0824676930247628,1.2524722030193
0-1,Female,Clindamycin and lincomycin,8,608726,1.3142201910219e-05,0.0015671050051299,0.00838629311194734
2-5,Female,Clindamycin and lincomycin,74,1298119,5.70055595827501e-05,0.0015671050051299,0.0363763496358848
6-10,Female,Clindamycin and lincomycin,112,1744308,6.42088438509713e-05,0.0015671050051299,0.0409729045857071
11-15,Female,Clindamycin and lincomycin,318,1778796,0.000178772607988774,0.0015671050051299,0.114078257298372
16-20,Female,Clindamycin and lincomycin,700,1685785,0.000415236818455497,0.0015671050051299,0.264970641467052
21-25,Female,Clindamycin and lincomycin,1267,1828351,0.000692974160869549,0.0015671050051299,0.442200209048601
26-30,Female,Clindamycin and lincomycin,1909,2016286,0.000946790286695439,0.0015671050051299,0.604165185865743
31-35,Female,Clindamycin and lincomycin,2339,2165311,0.00108021434334375,0.0015671050051299,0.689305655848003
36-40,Female,Clindamycin and lincomycin,2249,2068502,0.0010872602492045,0.0015671050051299,0.69380178459348
41-45,Female,Clindamycin and lincomycin,2388,1931799,0.00123615345074721,0.0015671050051299,0.788813414991768
46-50,Female,Clindamycin and lincomycin,2179,1904655,0.00114403920920062,0.0015671050051299,0.730033536652375
51-55,Female,Clindamycin and lincomycin,2614,2089624,0.00125094275333744,0.0015671050051299,0.798250754890387
56-60,Female,Clindamycin and lincomycin,2820,2050350,0.00137537493598654,0.0015671050051299,0.877653336237373
61-65,Female,Clindamycin and lincomycin,2757,1759295,0.0015671050051299,0.0015671050051299,1
66-70,Female,Clindamycin and lincomycin,2496,1507177,0.00165607622727788,0.0015671050051299,1.05677425689838
71-75,Female,Clindamycin and lincomycin,3000,1530177,0.00196055750413188,0.0015671050051299,1.25106964607606
76-80,Female,Clindamycin and lincomycin,3245,1153142,0.00281405065464618,0.0015671050051299,1.79570012566766
81-85,Female,Clindamycin and lincomycin,2788,801469,0.0034786123979842,0.0015671050051299,2.21976982180327
86+,Female,Clindamycin and lincomycin,3648,797992,0.00457147440074587,0.0015671050051299,2.91714619363809
0-1,Male,Clindamycin and lincomycin,14,638068,2.19412351034686e-05,0.0015671050051299,0.0140011263008186
2-5,Male,Clindamycin and lincomycin,72,1359751,5.29508711521448e-05,0.0015671050051299,0.0337889745606139
6-10,Male,Clindamycin and lincomycin,107,1827831,5.85393288548011e-05,0.0015671050051299,0.0373550774601405
11-15,Male,Clindamycin and lincomycin,259,1869008,0.000138576185869723,0.0015671050051299,0.0884281432425372
16-20,Male,Clindamycin and lincomycin,482,1784557,0.000270095043195594,0.0015671050051299,0.172352868704676
21-25,Male,Clindamycin and lincomycin,664,1863510,0.000356316842946912,0.0015671050051299,0.22737266601824
26-30,Male,Clindamycin and lincomycin,776,1947065,0.000398548584664611,0.0015671050051299,0.254321556858007
31-35,Male,Clindamycin and lincomycin,1109,2025452,0.000547532106413778,0.0015671050051299,0.349390822326162
36-40,Male,Clindamycin and lincomycin,1181,1944802,0.000607259762176304,0.0015671050051299,0.387504194159579
41-45,Male,Clindamycin and lincomycin,1373,1847890,0.000743009594726959,0.0015671050051299,0.474128786708439
46-50,Male,Clindamycin and lincomycin,1622,1848950,0.000877254658049163,0.0015671050051299,0.55979315692151
51-55,Male,Clindamycin and lincomycin,2042,2018546,0.00101161925465162,0.0015671050051299,0.645533803631597
56-60,Male,Clindamycin and lincomycin,2476,1973571,0.00125457862929684,0.0015671050051299,0.800570877631045
61-65,Male,Clindamycin and lincomycin,2638,1696457,0.00155500552032854,0.0015671050051299,0.992279084833662
66-70,Male,Clindamycin and lincomycin,2431,1412440,0.00172113505706437,0.0015671050051299,1.09828955394199
71-75,Male,Clindamycin and lincomycin,2602,1383264,0.00188105813496195,0.0015671050051299,1.20033956167859
76-80,Male,Clindamycin and lincomycin,2555,990701,0.00257898195318265,0.0015671050051299,1.64569824277275
81-85,Male,Clindamycin and lincomycin,1922,618650,0.00310676472965328,0.0015671050051299,1.98248663585613
86+,Male,Clindamycin and lincomycin,1921,467661,0.00410767628688302,0.0015671050051299,2.62118765075512
6-10,Female,Some other antibacterials,342,1744308,0.00019606629104493,0.00850170096544354,0.0230620074549636
31-35,Female,Some other antibacterials,3446,2165311,0.00159145730105283,0.00850170096544354,0.187192810888262
41-45,Female,Some other antibacterials,6393,1931799,0.00330935050696268,0.00850170096544354,0.389257458056222
46-50,Female,Some other antibacterials,7656,1904655,0.00401962560148688,0.00850170096544354,0.472802515381953
61-65,Female,Some other antibacterials,14957,1759295,0.00850170096544354,0.00850170096544354,1
66-70,Female,Some other antibacterials,17106,1507177,0.0113496954903107,0.00850170096544354,1.33499114311868
71-75,Female,Some other antibacterials,21597,1530177,0.0141140534722454,0.00850170096544354,1.6601446615935
76-80,Female,Some other antibacterials,23957,1153142,0.0207754118746867,0.00850170096544354,2.4436770899296
81-85,Female,Some other antibacterials,21247,801469,0.0265100708823423,0.00850170096544354,3.11820787276529
86+,Female,Some other antibacterials,29573,797992,0.0370592687645991,0.00850170096544354,4.35904166886511
11-15,Male,Some other antibacterials,754,1869008,0.000403422564269388,0.00850170096544354,0.0474519823631953
61-65,Male,Some other antibacterials,13322,1696457,0.00785283682403975,0.00850170096544354,0.923678315193489
66-70,Male,Some other antibacterials,11792,1412440,0.0083486732179774,0.00850170096544354,0.982000337569135
71-75,Male,Some other antibacterials,12980,1383264,0.00938360284081708,0.00850170096544354,1.10373240354585
76-80,Male,Some other antibacterials,10823,990701,0.0109245877414073,0.00850170096544354,1.28498847299052
81-85,Male,Some other antibacterials,7440,618650,0.0120261860502708,0.00850170096544354,1.41456234454176
86+,Male,Some other antibacterials,7482,467661,0.0159987683386042,0.00850170096544354,1.88183145980242
11-15,Female,Some other antibacterials,688,1778796,0.000386778472629801,0.00850170096544354,0.0454942457047032
16-20,Female,Some other antibacterials,1548,1685785,0.000918266564241585,0.00850170096544354,0.108009746281835
21-25,Female,Some other antibacterials,2180,1828351,0.00119233123180396,0.00850170096544354,0.140246197396306
26-30,Female,Some other antibacterials,2799,2016286,0.0013881959206184,0.00850170096544354,0.163284491687127
36-40,Female,Some other antibacterials,4379,2068502,0.00211699094320431,0.00850170096544354,0.249007928155688
51-55,Female,Some other antibacterials,11687,2089624,0.00559287221050294,0.00850170096544354,0.657853320557383
56-60,Female,Some other antibacterials,14568,2050350,0.00710512839271344,0.00850170096544354,0.835730216999318
16-20,Male,Some other antibacterials,687,1784557,0.000384969491027745,0.00850170096544354,0.0452814669196802
21-25,Male,Some other antibacterials,796,1863510,0.000427150914135154,0.00850170096544354,0.0502429944162202
26-30,Male,Some other antibacterials,839,1947065,0.000430904977491763,0.00850170096544354,0.0506845605653789
31-35,Male,Some other antibacterials,1431,2025452,0.000706508966887391,0.00850170096544354,0.0831020721334594
36-40,Male,Some other antibacterials,2709,1944802,0.0013929438575238,0.00850170096544354,0.163842960742283
41-45,Male,Some other antibacterials,3980,1847890,0.00215380785652826,0.00850170096544354,0.253338463124348
46-50,Male,Some other antibacterials,6627,1848950,0.00358419643581492,0.00850170096544354,0.42158580387424
51-55,Male,Some other antibacterials,9609,2018546,0.0047603572076138,0.00850170096544354,0.559929974832448
56-60,Male,Some other antibacterials,13040,1973571,0.00660731232876851,0.00850170096544354,0.777175338867473
0-1,Female,Some other antibacterials,44,608726,7.22821105062048e-05,0.00850170096544354,0.00850207632566782
2-5,Female,Some other antibacterials,251,1298119,0.00019335669534149,0.00850170096544354,0.0227432952684902
0-1,Male,Some other antibacterials,45,638068,7.05253985468633e-05,0.00850170096544354,0.00829544568004974
2-5,Male,Some other antibacterials,376,1359751,0.000276521216016756,0.00850170096544354,0.032525398992592
6-10,Male,Some other antibacterials,621,1827831,0.000339746945970388,0.00850170096544354,0.0399622319523282
0-1,Female,Sulfonamides and trimethoprim,9943,608726,0.0163341141991635,0.0391554571575546,0.417160605057883
2-5,Female,Sulfonamides and trimethoprim,67247,1298119,0.0518034170981243,0.0391554571575546,1.32301908491776
6-10,Female,Sulfonamides and trimethoprim,69496,1744308,0.0398415876095277,0.0391554571575546,1.01752323946091
11-15,Female,Sulfonamides and trimethoprim,31167,1778796,0.0175214021169375,0.0391554571575546,0.447483017410179
16-20,Female,Sulfonamides and trimethoprim,22879,1685785,0.0135717188134905,0.0391554571575546,0.346611169903604
21-25,Female,Sulfonamides and trimethoprim,24881,1828351,0.0136084373295937,0.0391554571575546,0.347548932319594
26-30,Female,Sulfonamides and trimethoprim,29658,2016286,0.0147092227987498,0.0391554571575546,0.375662139240579
31-35,Female,Sulfonamides and trimethoprim,33386,2165311,0.0154185703577916,0.0391554571575546,0.39377832560478
36-40,Female,Sulfonamides and trimethoprim,33797,2068502,0.0163388771197707,0.0391554571575546,0.41728224635524
41-45,Female,Sulfonamides and trimethoprim,34040,1931799,0.0176208808473345,0.0391554571575546,0.45002362701146
46-50,Female,Sulfonamides and trimethoprim,37802,1904655,0.0198471639220751,0.0391554571575546,0.506881169646766
51-55,Female,Sulfonamides and trimethoprim,51851,2089624,0.0248135549744834,0.0391554571575546,0.633718944325899
56-60,Female,Sulfonamides and trimethoprim,63617,2050350,0.0310273855683176,0.0391554571575546,0.7924153571613
61-65,Female,Sulfonamides and trimethoprim,68886,1759295,0.0391554571575546,0.0391554571575546,1
66-70,Female,Sulfonamides and trimethoprim,74563,1507177,0.0494719598295356,0.0391554571575546,1.26347547496302
71-75,Female,Sulfonamides and trimethoprim,92602,1530177,0.0605171819992066,0.0391554571575546,1.54556188057507
76-80,Female,Sulfonamides and trimethoprim,112971,1153142,0.0979679865966204,0.0391554571575546,2.50202637661501
81-85,Female,Sulfonamides and trimethoprim,101681,801469,0.126868288105965,0.0391554571575546,3.24011765704765
86+,Female,Sulfonamides and trimethoprim,152700,797992,0.191355301807537,0.0391554571575546,4.88706595960704
0-1,Male,Sulfonamides and trimethoprim,15020,638068,0.0235398108038642,0.0391554571575546,0.601188506346488
2-5,Male,Sulfonamides and trimethoprim,25722,1359751,0.0189166987191037,0.0391554571575546,0.483117810194025
6-10,Male,Sulfonamides and trimethoprim,19125,1827831,0.0104632211621315,0.0391554571575546,0.267222551381009
11-15,Male,Sulfonamides and trimethoprim,10731,1869008,0.00574154845779151,0.0391554571575546,0.146634693465295
16-20,Male,Sulfonamides and trimethoprim,8419,1784557,0.00471769744536039,0.0391554571575546,0.120486332885279
21-25,Male,Sulfonamides and trimethoprim,6280,1863510,0.00336998459895573,0.0391554571575546,0.0860667923093202
26-30,Male,Sulfonamides and trimethoprim,7266,1947065,0.00373177063939827,0.0391554571575546,0.0953065271178496
31-35,Male,Sulfonamides and trimethoprim,8967,2025452,0.00442715996231952,0.0391554571575546,0.113066230959976
36-40,Male,Sulfonamides and trimethoprim,10797,1944802,0.00555172197478201,0.0391554571575546,0.141786672351771
41-45,Male,Sulfonamides and trimethoprim,13526,1847890,0.00731969976567869,0.0391554571575546,0.186939453579242
46-50,Male,Sulfonamides and trimethoprim,16271,1848950,0.00880012980340193,0.0391554571575546,0.224748488262869
51-55,Male,Sulfonamides and trimethoprim,24944,2018546,0.0123574097394857,0.0391554571575546,0.3155986581835
56-60,Male,Sulfonamides and trimethoprim,35091,1973571,0.0177804598871791,0.0391554571575546,0.454099151891746
61-65,Male,Sulfonamides and trimethoprim,43111,1696457,0.0254123741421091,0.0391554571575546,0.649012321318437
66-70,Male,Sulfonamides and trimethoprim,47589,1412440,0.0336927586304551,0.0391554571575546,0.860486917439923
71-75,Male,Sulfonamides and trimethoprim,59669,1383264,0.0431363788835681,0.0391554571575546,1.10166965258495
76-80,Male,Sulfonamides and trimethoprim,68217,990701,0.0688573040705521,0.0391554571575546,1.75856212822347
81-85,Male,Sulfonamides and trimethoprim,55257,618650,0.0893186777661036,0.0391554571575546,2.28112973899656
86+,Male,Sulfonamides and trimethoprim,67558,467661,0.144459341274983,0.0391554571575546,3.68937950829446
51-55,Female,Antituberculosis drugs,758,2089624,0.000362744685168241,0.000459843289499487,0.788844142018616
61-65,Female,Antituberculosis drugs,809,1759295,0.000459843289499487,0.000459843289499487,1
61-65,Male,Antituberculosis drugs,1027,1696457,0.000605379328801143,0.000459843289499487,1.31649051454043
71-75,Male,Antituberculosis drugs,813,1383264,0.000587740301200638,0.000459843289499487,1.27813173448798
11-15,Female,Antituberculosis drugs,252,1778796,0.000141668859160916,0.000459843289499487,0.308080736189744
16-20,Female,Antituberculosis drugs,300,1685785,0.000177958636480927,0.000459843289499487,0.386998441740066
36-40,Female,Antituberculosis drugs,517,2068502,0.000249939328074133,0.000459843289499487,0.543531532984155
41-45,Female,Antituberculosis drugs,579,1931799,0.000299720623108305,0.000459843289499487,0.651788620063443
46-50,Female,Antituberculosis drugs,667,1904655,0.000350194654674994,0.000459843289499487,0.761552169340473
56-60,Female,Antituberculosis drugs,739,2050350,0.000360426268685834,0.000459843289499487,0.783802388587941
66-70,Female,Antituberculosis drugs,789,1507177,0.000523495249728466,0.000459843289499487,1.13842098315333
71-75,Female,Antituberculosis drugs,888,1530177,0.000580325021223035,0.000459843289499487,1.26200606701184
76-80,Female,Antituberculosis drugs,1110,1153142,0.000962587435025348,0.000459843289499487,2.09329451360064
81-85,Female,Antituberculosis drugs,502,801469,0.000626349865060283,0.000459843289499487,1.36209417286926
86+,Female,Antituberculosis drugs,579,797992,0.000725571183671014,0.000459843289499487,1.57786619972373
16-20,Male,Antituberculosis drugs,177,1784557,9.91842793477597e-05,0.000459843289499487,0.21569147927703
41-45,Male,Antituberculosis drugs,557,1847890,0.000301424868363377,0.000459843289499487,0.655494763643197
46-50,Male,Antituberculosis drugs,548,1848950,0.000296384434408719,0.000459843289499487,0.644533564317783
51-55,Male,Antituberculosis drugs,670,2018546,0.00033192208649196,0.000459843289499487,0.721815657793415
56-60,Male,Antituberculosis drugs,981,1973571,0.00049706851184984,0.000459843289499487,1.08095197472789
66-70,Male,Antituberculosis drugs,722,1412440,0.000511172155985387,0.000459843289499487,1.11162251936256
76-80,Male,Antituberculosis drugs,575,990701,0.000580397112751476,0.000459843289499487,1.26216284113487
81-85,Male,Antituberculosis drugs,328,618650,0.000530186696839893,0.000459843289499487,1.15297256466865
6-10,Female,Antituberculosis drugs,72,1744308,4.12771139041958e-05,0.000459843289499487,0.0897634364722895
21-25,Female,Antituberculosis drugs,441,1828351,0.000241200951020893,0.000459843289499487,0.524528587300743
26-30,Female,Antituberculosis drugs,542,2016286,0.000268811071445222,0.000459843289499487,0.584571043186923
31-35,Female,Antituberculosis drugs,596,2165311,0.000275249144349241,0.000459843289499487,0.598571623495548
21-25,Male,Antituberculosis drugs,315,1863510,0.000169035851699213,0.000459843289499487,0.367594473071899
26-30,Male,Antituberculosis drugs,349,1947065,0.000179244144391687,0.000459843289499487,0.389793976523576
31-35,Male,Antituberculosis drugs,556,2025452,0.000274506628643878,0.000459843289499487,0.59695690882575
36-40,Male,Antituberculosis drugs,337,1944802,0.000173282421552425,0.000459843289499487,0.37682929273804
0-1,Female,Antituberculosis drugs,10,608726,1.64277523877738e-05,0.000459843289499487,0.0357246756947448
2-5,Female,Antituberculosis drugs,63,1298119,4.85317601853143e-05,0.000459843289499487,0.10553978125491
0-1,Male,Antituberculosis drugs,32,638068,5.01513945222139e-05,0.000459843289499487,0.109061925372013
2-5,Male,Antituberculosis drugs,104,1359751,7.64845916642091e-05,0.000459843289499487,0.166327515070315
6-10,Male,Antituberculosis drugs,110,1827831,6.0180618448861e-05,0.000459843289499487,0.130872016234844
11-15,Male,Antituberculosis drugs,102,1869008,5.45744052459915e-05,0.000459843289499487,0.118680442864334
86+,Male,Antituberculosis drugs,278,467661,0.000594447687534346,0.000459843289499487,1.2927179782951
16-20,Female,Antileprotic drugs,35,1685785,2.07618409227749e-05,0.000636050236032047,0.0326418256713433
11-15,Female,Antileprotic drugs,26,1778796,1.46166283261262e-05,0.000636050236032047,0.0229803048534515
21-25,Female,Antileprotic drugs,78,1828351,4.26613926975728e-05,0.000636050236032047,0.0670723635977448
26-30,Female,Antileprotic drugs,215,2016286,0.000106631698082514,0.000636050236032047,0.167646660659586
31-35,Female,Antileprotic drugs,372,2165311,0.000171799801506573,0.000636050236032047,0.270104139223867
36-40,Female,Antileprotic drugs,603,2068502,0.000291515309146426,0.000636050236032047,0.45832120268522
41-45,Female,Antileprotic drugs,633,1931799,0.000327673841843794,0.000636050236032047,0.51516975119444
46-50,Female,Antileprotic drugs,785,1904655,0.000412148131813898,0.000636050236032047,0.647980471456239
51-55,Female,Antileprotic drugs,859,2089624,0.000411078739524431,0.000636050236032047,0.646299169840602
56-60,Female,Antileprotic drugs,1119,2050350,0.000545760479918063,0.000636050236032047,0.858046187236326
61-65,Female,Antileprotic drugs,1119,1759295,0.000636050236032047,0.000636050236032047,1
66-70,Female,Antileprotic drugs,1116,1507177,0.000740457159311746,0.000636050236032047,1.16414886335242
71-75,Female,Antileprotic drugs,937,1530177,0.000612347460457189,0.000636050236032047,0.962734428458472
76-80,Female,Antileprotic drugs,918,1153142,0.000796085824642585,0.000636050236032047,1.25160841006665
81-85,Female,Antileprotic drugs,660,801469,0.000823487870397982,0.000636050236032047,1.29468998476481
86+,Female,Antileprotic drugs,906,797992,0.00113534972781682,0.000636050236032047,1.78500008882886
6-10,Male,Antileprotic drugs,11,1827831,6.0180618448861e-06,0.000636050236032047,0.00946161404235825
11-15,Male,Antileprotic drugs,20,1869008,1.07008637737238e-05,0.000636050236032047,0.0168239286262676
16-20,Male,Antileprotic drugs,51,1784557,2.85785211679986e-05,0.000636050236032047,0.0449312327062145
21-25,Male,Antileprotic drugs,72,1863510,3.86367661026772e-05,0.000636050236032047,0.0607448341560407
26-30,Male,Antileprotic drugs,63,1947065,3.23563928271527e-05,0.000636050236032047,0.0508708133323017
31-35,Male,Antileprotic drugs,269,2025452,0.000132809861700006,0.000636050236032047,0.2088040443606
36-40,Male,Antileprotic drugs,234,1944802,0.000120320731879132,0.000636050236032047,0.189168598741106
41-45,Male,Antileprotic drugs,305,1847890,0.000165053114633447,0.000636050236032047,0.259496978828463
46-50,Male,Antileprotic drugs,681,1848950,0.000368317152978718,0.000636050236032047,0.579069281188287
51-55,Male,Antileprotic drugs,827,2018546,0.000409700844072912,0.000636050236032047,0.644132838671361
56-60,Male,Antileprotic drugs,1279,1973571,0.000648063839608507,0.000636050236032047,1.01888782189817
61-65,Male,Antileprotic drugs,1703,1696457,0.00100385686168291,0.000636050236032047,1.57826662866348
66-70,Male,Antileprotic drugs,1284,1412440,0.000909065163829968,0.000636050236032047,1.42923485022363
71-75,Male,Antileprotic drugs,1488,1383264,0.00107571656603512,0.000636050236032047,1.69124466134294
76-80,Male,Antileprotic drugs,1457,990701,0.00147067581439809,0.000636050236032047,2.31220072108265
81-85,Male,Antileprotic drugs,891,618650,0.0014402327648913,0.000636050236032047,2.2643380715902
86+,Male,Antileprotic drugs,1083,467661,0.0023157800201428,0.000636050236032047,3.64087597009573
0-1,Female,"Metronidazole, tinidazole and ornidazole",178,608726,0.000292413992502374,0.0103922309788864,0.0281377495454501
2-5,Female,"Metronidazole, tinidazole and ornidazole",717,1298119,0.000552337651632863,0.0103922309788864,0.0531490930826143
6-10,Female,"Metronidazole, tinidazole and ornidazole",1296,1744308,0.000742988050275525,0.0103922309788864,0.0714945666416605
11-15,Female,"Metronidazole, tinidazole and ornidazole",2605,1778796,0.00146447372267534,0.0103922309788864,0.140920051300887
16-20,Female,"Metronidazole, tinidazole and ornidazole",17166,1685785,0.0101827931794387,0.0103922309788864,0.979846695105865
21-25,Female,"Metronidazole, tinidazole and ornidazole",36676,1828351,0.0200596056227716,0.0103922309788864,1.93025017087534
26-30,Female,"Metronidazole, tinidazole and ornidazole",44762,2016286,0.022200223579393,0.0103922309788864,2.13623269387454
31-35,Female,"Metronidazole, tinidazole and ornidazole",46724,2165311,0.0215784245311643,0.0103922309788864,2.0763996272797
36-40,Female,"Metronidazole, tinidazole and ornidazole",38870,2068502,0.0187913765613956,0.0103922309788864,1.80821390513485
41-45,Female,"Metronidazole, tinidazole and ornidazole",30555,1931799,0.0158168629344978,0.0103922309788864,1.52198916350421
46-50,Female,"Metronidazole, tinidazole and ornidazole",24358,1904655,0.0127886677639783,0.0103922309788864,1.23059887621441
51-55,Female,"Metronidazole, tinidazole and ornidazole",22868,2089624,0.0109435955942313,0.0103922309788864,1.05305546195664
56-60,Female,"Metronidazole, tinidazole and ornidazole",21023,2050350,0.0102533713756188,0.0103922309788864,0.986638133472038
61-65,Female,"Metronidazole, tinidazole and ornidazole",18283,1759295,0.0103922309788864,0.0103922309788864,1
66-70,Female,"Metronidazole, tinidazole and ornidazole",15558,1507177,0.0103226097532009,0.0103922309788864,0.993300646817125
71-75,Female,"Metronidazole, tinidazole and ornidazole",15123,1530177,0.00988317037832878,0.0103922309788864,0.951015272698241
76-80,Female,"Metronidazole, tinidazole and ornidazole",13787,1153142,0.0119560296997248,0.0103922309788864,1.15047767163908
81-85,Female,"Metronidazole, tinidazole and ornidazole",9133,801469,0.0113953253338557,0.0103922309788864,1.09652348538127
86+,Female,"Metronidazole, tinidazole and ornidazole",9792,797992,0.0122707997072652,0.0103922309788864,1.18076664502506
0-1,Male,"Metronidazole, tinidazole and ornidazole",196,638068,0.00030717729144856,0.0103922309788864,0.0295583587463214
2-5,Male,"Metronidazole, tinidazole and ornidazole",699,1359751,0.000514064707435406,0.0103922309788864,0.0494662511331604
6-10,Male,"Metronidazole, tinidazole and ornidazole",1050,1827831,0.000574451357920946,0.0103922309788864,0.0552770005870771
11-15,Male,"Metronidazole, tinidazole and ornidazole",1548,1869008,0.000828246856086223,0.0103922309788864,0.079698657369043
16-20,Male,"Metronidazole, tinidazole and ornidazole",2479,1784557,0.00138914027402879,0.0103922309788864,0.133671035300415
21-25,Male,"Metronidazole, tinidazole and ornidazole",3445,1863510,0.00184866193366282,0.0103922309788864,0.177888841906871
26-30,Male,"Metronidazole, tinidazole and ornidazole",4891,1947065,0.00251198598916831,0.0103922309788864,0.241717682591143
31-35,Male,"Metronidazole, tinidazole and ornidazole",6388,2025452,0.00315386392765664,0.0103922309788864,0.303482855035098
36-40,Male,"Metronidazole, tinidazole and ornidazole",7292,1944802,0.00374948195240441,0.0103922309788864,0.360796633564257
41-45,Male,"Metronidazole, tinidazole and ornidazole",7890,1847890,0.00426973467035376,0.0103922309788864,0.410858330519062
46-50,Male,"Metronidazole, tinidazole and ornidazole",8022,1848950,0.00433867870953785,0.0103922309788864,0.417492520937285
51-55,Male,"Metronidazole, tinidazole and ornidazole",9237,2018546,0.00457606613869587,0.0103922309788864,0.440335299320514
56-60,Male,"Metronidazole, tinidazole and ornidazole",10058,1973571,0.00509634565972038,0.0103922309788864,0.49039957542076
61-65,Male,"Metronidazole, tinidazole and ornidazole",9457,1696457,0.00557455921370244,0.0103922309788864,0.536416023183867
66-70,Male,"Metronidazole, tinidazole and ornidazole",8666,1412440,0.0061354818611764,0.0103922309788864,0.5903912137482
71-75,Male,"Metronidazole, tinidazole and ornidazole",7815,1383264,0.00564968075508363,0.0103922309788864,0.543644648253287
76-80,Male,"Metronidazole, tinidazole and ornidazole",7186,990701,0.00725344982996888,0.0103922309788864,0.697968496341689
81-85,Male,"Metronidazole, tinidazole and ornidazole",4577,618650,0.00739836741291522,0.0103922309788864,0.711913296379406
86+,Male,"Metronidazole, tinidazole and ornidazole",4261,467661,0.00911130070713615,0.0103922309788864,0.876741551034354
0-1,Female,Quinolones,238,608726,0.000390980506829017,0.00910592026919874,0.0429369569763892
2-5,Female,Quinolones,785,1298119,0.000604721138817011,0.00910592026919874,0.066409667660117
6-10,Female,Quinolones,981,1744308,0.000562400676944668,0.00910592026919874,0.0617620910702478
11-15,Female,Quinolones,943,1778796,0.000530133865828347,0.00910592026919874,0.0582185929764346
16-20,Female,Quinolones,3617,1685785,0.00214558796050505,0.00910592026919874,0.235625603681444
21-25,Female,Quinolones,5968,1828351,0.00326414348229634,0.00910592026919874,0.358463876884304
26-30,Female,Quinolones,7638,2016286,0.00378815306955462,0.00910592026919874,0.416009909769169
31-35,Female,Quinolones,8761,2165311,0.00404607005644917,0.00910592026919874,0.444334008736625
36-40,Female,Quinolones,9063,2068502,0.00438143158672315,0.00910592026919874,0.481162964005249
41-45,Female,Quinolones,9478,1931799,0.00490630754027722,0.00910592026919874,0.538804140079402
46-50,Female,Quinolones,9718,1904655,0.00510223636301587,0.00910592026919874,0.56032078166492
51-55,Female,Quinolones,13126,2089624,0.00628151284633025,0.00910592026919874,0.689827349749349
56-60,Female,Quinolones,15182,2050350,0.00740458946033604,0.00910592026919874,0.813162123259794
61-65,Female,Quinolones,16020,1759295,0.00910592026919874,0.00910592026919874,1
66-70,Female,Quinolones,16283,1507177,0.0108036415099222,0.00910592026919874,1.18644147878892
71-75,Female,Quinolones,20586,1530177,0.0134533455933529,0.00910592026919874,1.47742844167652
76-80,Female,Quinolones,22342,1153142,0.0193748905165192,0.00910592026919874,2.12772459496003
81-85,Female,Quinolones,16011,801469,0.0199770671105183,0.00910592026919874,2.19385482410732
86+,Female,Quinolones,17536,797992,0.0219751576456907,0.00910592026919874,2.41328245757025
0-1,Male,Quinolones,301,638068,0.000471736554724575,0.00910592026919874,0.0518054782799108
2-5,Male,Quinolones,736,1359751,0.00054127557177748,0.00910592026919874,0.0594421602403409
6-10,Male,Quinolones,771,1827831,0.00042181142567338,0.00910592026919874,0.0463227672990043
11-15,Male,Quinolones,1251,1869008,0.000669339029046425,0.00910592026919874,0.0735059180465811
16-20,Male,Quinolones,3236,1784557,0.00181333518626752,0.00910592026919874,0.199138047847972
21-25,Male,Quinolones,5734,1863510,0.0030769891226771,0.00910592026919874,0.337910835117366
26-30,Male,Quinolones,8399,1947065,0.00431367211675008,0.00910592026919874,0.473721709527955
31-35,Male,Quinolones,11487,2025452,0.00567132669646084,0.00910592026919874,0.622817521875785
36-40,Male,Quinolones,12297,1944802,0.00632300871759696,0.00910592026919874,0.694384370900421
41-45,Male,Quinolones,13070,1847890,0.00707293183035787,0.00910592026919874,0.776739925373873
46-50,Male,Quinolones,13957,1848950,0.00754860866978555,0.00910592026919874,0.828978120456328
51-55,Male,Quinolones,17804,2018546,0.00882021019089979,0.00910592026919874,0.968623700861363
56-60,Male,Quinolones,21200,1973571,0.0107419494915562,0.00910592026919874,1.17966654374203
61-65,Male,Quinolones,22604,1696457,0.0133242398716855,0.00910592026919874,1.46325022378633
66-70,Male,Quinolones,21692,1412440,0.0153578205091898,0.00910592026919874,1.68657533287859
71-75,Male,Quinolones,23893,1383264,0.017272913919541,0.00910592026919874,1.89688833296373
76-80,Male,Quinolones,23312,990701,0.0235308130303694,0.00910592026919874,2.5841224538242
81-85,Male,Quinolones,15184,618650,0.0245437646488321,0.00910592026919874,2.69536344743241
86+,Male,Quinolones,13625,467661,0.0291343515922859,0.00910592026919874,3.19949557331776
11-15,Female,Urinary-tract infections,27523,1778796,0.0154728254392297,0.144307805115117,0.107220987990821
16-20,Female,Urinary-tract infections,116115,1685785,0.0688788902499429,0.144307805115117,0.477305369553621
21-25,Female,Urinary-tract infections,155042,1828351,0.0847988159822704,0.144307805115117,0.58762459809173
26-30,Female,Urinary-tract infections,182404,2016286,0.0904653407304321,0.144307805115117,0.626891529936764
31-35,Female,Urinary-tract infections,195060,2165311,0.0900840572093339,0.144307805115117,0.624249375406078
36-40,Female,Urinary-tract infections,190223,2068502,0.0919617191571485,0.144307805115117,0.637260881930737
41-45,Female,Urinary-tract infections,178861,1931799,0.0925877899305259,0.144307805115117,0.641599322064852
46-50,Female,Urinary-tract infections,176304,1904655,0.0925647951991306,0.144307805115117,0.641439977035822
51-55,Female,Urinary-tract infections,217639,2089624,0.104152230257692,0.144307805115117,0.721736639086209
56-60,Female,Urinary-tract infections,248003,2050350,0.12095642207428,0.144307805115117,0.838183506275289
61-65,Female,Urinary-tract infections,253880,1759295,0.144307805115117,0.144307805115117,1
66-70,Female,Urinary-tract infections,254068,1507177,0.168572105333348,0.144307805115117,1.16814267391064
71-75,Female,Urinary-tract infections,301126,1530177,0.196791612996405,0.144307805115117,1.3636934803313
76-80,Female,Urinary-tract infections,330518,1153142,0.286623850315052,0.144307805115117,1.98619783653703
81-85,Female,Urinary-tract infections,259300,801469,0.323530916354843,0.144307805115117,2.24195022643963
86+,Female,Urinary-tract infections,301476,797992,0.377793261085324,0.144307805115117,2.61796831282931
11-15,Male,Urinary-tract infections,3362,1869008,0.00179881520036297,0.144307805115117,0.0124651275717763
16-20,Male,Urinary-tract infections,6441,1784557,0.00360929911457017,0.144307805115117,0.025011115037686
21-25,Male,Urinary-tract infections,8818,1863510,0.00473193060407511,0.144307805115117,0.0327905382546727
26-30,Male,Urinary-tract infections,12289,1947065,0.00631155097544253,0.144307805115117,0.0437367263011705
31-35,Male,Urinary-tract infections,15375,2025452,0.00759089822913602,0.144307805115117,0.0526021321097678
36-40,Male,Urinary-tract infections,17586,1944802,0.00904256577276247,0.144307805115117,0.0626616541326302
41-45,Male,Urinary-tract infections,21730,1847890,0.011759357970442,0.144307805115117,0.0814880245809386
46-50,Male,Urinary-tract infections,26697,1848950,0.0144390059222802,0.144307805115117,0.100056999070577
51-55,Male,Urinary-tract infections,38707,2018546,0.0191756838833497,0.144307805115117,0.132880434762714
56-60,Male,Urinary-tract infections,52990,1973571,0.0268498067715831,0.144307805115117,0.186059283142478
61-65,Male,Urinary-tract infections,66037,1696457,0.0389264213593389,0.144307805115117,0.269745779365756
66-70,Male,Urinary-tract infections,75397,1412440,0.0533806745773272,0.144307805115117,0.369908436586257
71-75,Male,Urinary-tract infections,95797,1383264,0.0692543144331089,0.144307805115117,0.479906921028031
76-80,Male,Urinary-tract infections,105891,990701,0.106884922898029,0.144307805115117,0.740673193752511
81-85,Male,Urinary-tract infections,85093,618650,0.137546270104259,0.144307805115117,0.953145049878182
86+,Male,Urinary-tract infections,94029,467661,0.201062307953838,0.144307805115117,1.39328782523889
0-1,Female,Urinary-tract infections,649,608726,0.00106616112996652,0.144307805115117,0.00738810440028537
2-5,Female,Urinary-tract infections,3584,1298119,0.00276091791276455,0.144307805115117,0.0191321454204234
6-10,Female,Urinary-tract infections,6503,1744308,0.00372812599609702,0.144307805115117,0.025834541611405
0-1,Male,Urinary-tract infections,706,638068,0.00110646514164634,0.144307805115117,0.00766739637376992
2-5,Male,Urinary-tract infections,1177,1359751,0.000865599657584366,0.144307805115117,0.00599828718130569
6-10,Male,Urinary-tract infections,1245,1827831,0.000681135181534836,0.144307805115117,0.0047200162249816
16-20,Female,Aminoglycosides,14,1685785,8.30473636910994e-06,5.79777695042617e-05,0.143240011475424
2-5,Female,Antileprotic drugs,1,1298119,7.70345399766894e-07,0.000636050236032047,0.00121113924046729
6-10,Female,Antileprotic drugs,9,1744308,5.15963923802448e-06,0.000636050236032047,0.00811199956502258
2-5,Male,Antileprotic drugs,3,1359751,2.20628629800603e-06,0.000636050236032047,0.00346872962703353
0-1,Female,Tetracyclines,4,608726,6.57110095510952e-06,0.154912621248853,4.24181122373087e-05
2-5,Female,Tetracyclines,8,1298119,6.16276319813515e-06,0.154912621248853,3.97821891363858e-05
2-5,Male,Aminoglycosides,14,1359751,1.02960027240281e-05,5.79777695042617e-05,0.177585354042834
0-1,Male,Tetracyclines,1,638068,1.56723107881919e-06,0.154912621248853,1.01168714736392e-05
